id,logMass,logAge,x,y,z,vx,vy,vz
S1000,1.3636422645446813,7.020719849574858,2.10823397090344,2.1052295916680017,99.6732143968173,21.53832407938681,34.89904249167451,28.52526041795204
S1001,1.3362657659761,7.005682286357325,2.5981639721666747,1.7330507447803285,100.55077682769956,12.51268343862235,45.103918302238434,28.698531689309753
S1002,1.2916621614724306,7.046423016759694,3.0214964055009212,2.2215692335654955,103.17960623832148,29.165496586307746,40.813626184047685,21.44913678605603
S1003,1.234913595353781,7.0540562237125,2.7234200183923973,2.1978025841999163,101.31938386542917,6.101389506859958,31.94342676840573,25.02686902270192
S1004,1.2188842347382192,7.00541591471409,2.6910563328285577,2.6050558467344374,100.86489625596238,16.15973024307118,35.21750708126832,27.716906269091467
S1005,1.2107310484994076,7.098603033397133,3.5035983486503643,1.0612858061862216,103.17228879051792,23.595088543240635,46.96524502119518,28.811400418582245
S1006,1.2023425900126674,7.099606284234782,2.056857854621563,1.5319881128694939,101.76796069433077,18.832649918910235,39.97174379138771,27.310588668180856
S1007,1.195006299491022,7.043292180069117,4.047922121437158,1.8832471271901778,100.17392411101974,20.233933646464173,37.38698259643241,25.082578940532763
S1008,1.1424681148494051,7.049558475184832,2.8271208978088778,1.4968498129001002,102.26869650266939,17.624825728856024,44.61564901393017,30.456019793711278
S1009,1.0578218569339737,7.061970391967229,2.8637962846673104,1.5062880462130646,103.66828407219799,24.100607367027017,38.1685072602713,27.94023100770959
S1010,1.0461527499617609,7.044053456359453,2.6518204103231096,1.82882806586737,103.3345638290437,16.24704917907142,38.2385448156943,26.867818098517315
S1011,1.0056698520806657,7.036513097557709,3.3931801638021852,1.4366094560980165,102.9884765489295,17.42435724549052,28.563590320780765,17.506610744160866
S1012,0.9599736074171639,7.053604257328963,3.0256969413798913,1.8830764141957228,99.80820662233909,21.133581090078856,34.602558898021826,30.966074701158114
S1013,0.9241935315858201,7.051673414141452,2.093341325563669,1.8501460419834221,102.34191779939813,12.124766925802462,36.82917558973496,24.358497079091848
S1014,0.8962478069324675,7.0498511064823886,3.573807759674465,1.1417980241358618,99.87870544722506,12.736281795834403,39.28103410709651,25.719044787432768
S1015,0.34234394347383623,9.055034746338062,2.1159815924984104,3.248795418019733,11.803631586467397,0.2818616866138186,11.23345164777039,-24.169822911801457
S1016,0.4994858030844669,9.10443807055065,1.3696366401473925,2.8840611609547304,32.07659229033441,13.127611818599924,-10.351027763549375,29.451416718413995
S1017,0.6735454519418287,7.009580963071621,2.418163934468903,2.0768447082368073,103.92392995559409,18.193466309381392,48.94468951667362,16.03306370506406
S1018,0.6659389833350735,7.023832470721512,2.6241379172112,2.260366597488934,102.31120550698422,31.35044117816886,40.735843662899825,30.958950978533473
S1019,0.15399127379590216,9.418988155716177,1.0130282388159872,2.6192362829848626,14.002636251886134,-21.36273090986701,21.123192510291336,-10.049424183906451
S1020,0.5934381768145911,7.011525065388341,2.9391983572972116,2.0053718004009085,103.70914819906697,15.927956785056285,34.86115163945401,19.24238562405494
S1021,0.5758272559219442,7.058435421462684,3.0165934244924335,1.7737088228837017,101.47946845979345,25.034529561271086,43.099353428858954,18.165132188829826
S1022,0.5807818966555227,7.038752292106371,3.0921753885971235,2.4149734983449838,103.54683042280524,21.69049394139221,41.88569361808166,24.74466272101427
S1023,0.38954911441625173,9.482242979845493,1.4820463257838157,0.4744869086607384,50.646018664666514,29.679164546448593,-9.501145894693327,41.22514115112961
S1024,0.42240315033192144,9.04547115378601,4.9073267825113795,2.208672954948585,57.98268353929156,8.70866177113209,-32.25861248922918,-16.523090953717066
S1025,0.5283699948954781,7.014835755967766,2.2736045184310734,1.3614516808574955,101.07886498515234,17.364907806202297,32.21919284754759,26.364630170193216
S1026,0.42750949855356657,9.02268321614804,3.801078509905893,2.6036145788151144,69.42192251641958,34.768362931104704,46.86603177664864,8.876672944740546
S1027,0.40462500908858234,9.08251780660405,3.6799843934735432,1.3771463600586442,65.68867507181237,3.387331580548748,-41.98982506126651,2.5721828269746
S1028,0.33477270756945177,9.476522090384393,0.4395478152792598,2.899340165075317,50.002106947019804,21.513321470447938,24.9273051635943,-14.81429254769984
S1029,0.360798134122184,9.168212735342422,4.342742731405673,1.9574387629380274,58.45169787058504,-46.16270416296301,-51.71214128626202,-49.48089166145038
S1030,0.4177018778158621,9.378996077579425,3.2147344179207193,0.4048674772102523,77.85988097822226,44.04435260118183,-10.972053519825872,-21.316111121313252
S1031,0.4511879899789204,9.178050401530058,3.8547052013194403,2.4735430068234843,91.98920509438024,-15.203448710691756,11.008439213532291,-33.1610372520082
S1032,0.3878065393493215,9.214994904380617,2.4460230604351105,1.882669116850798,77.60259482268212,-21.00832217881792,-6.904852647713441,10.253683271932495
S1033,0.45228492993447533,7.082128849404131,2.4817177653469438,1.1943285186650474,102.1659088099118,25.70750547034063,33.63536708771055,26.290112297445994
S1034,0.41496842645654075,7.045712605779035,3.1967091462708748,2.172156622212486,102.03433733251552,13.732576355958994,37.18821400331004,23.505299997583613
S1035,0.40746732520196227,7.081076789264288,3.359736040175284,2.2684733988117873,102.02296762623965,19.23290510466163,36.20668772214423,24.780982935852432
S1036,0.4067037691655093,7.055012178258243,2.4541334023835906,1.5592516664902103,101.80414786442306,19.096876162181836,42.37361867702287,27.945710605772476
S1037,0.33023596987397874,9.346024308735535,2.15650780013112,1.9925615690898746,76.1297360350644,-32.327281444669765,25.512733177701662,-0.9681299159993637
S1038,0.38621352600717307,7.026833885082203,2.8268409222319697,1.6522523629248829,102.85798311998387,27.367300412546214,53.968221550160294,20.832811932928447
S1039,0.31053683366913454,9.230379403654485,1.8399481718464439,0.05659410223831762,76.56691140343978,14.239277941249076,-24.906889855591352,-0.012672700895741684
S1040,0.287061978392521,9.492477423211197,2.95153370304993,3.577551531497721,71.15821407477586,-3.588494302983443,7.701582590252344,-16.91781366718542
S1041,0.2658923922335821,9.2884236814624,2.5472468698099195,0.3495883636839425,77.27816456601911,0.2759865330179088,-9.007222560991728,7.355818039578075
S1042,0.1015323076471113,9.164061183019838,3.2501794199960896,1.6897849728275172,40.724502308904526,-42.45212627110052,3.431022253571694,50.824731729071985
S1043,0.2929106545491824,9.383899105832462,2.8079130237996406,1.175650617875862,90.98141060735038,-21.306185377331307,16.109192505237253,-2.419368405986848
S1044,0.28514707770376346,7.045227290924832,2.3646413043922436,2.001291127852088,101.14849895629297,13.299672005155951,42.18531991809074,29.594325496503
S1045,0.12688965954413178,9.476357221151197,4.539893504397096,1.746955892597064,58.538131272899975,-24.586874138685793,0.17664794558364708,11.116229494571206
S1046,0.1897594002439773,9.204606128336252,3.212970551721602,0.49900283062337736,76.34462131035706,2.1213212703339646,-2.705226923914028,-29.452896511077974
S1047,0.2522692933794639,7.002082993202076,2.6323851427351426,2.07545492651529,101.03957096479826,23.406876663400567,33.635206040685034,17.8619111120935
S1048,0.19611204944685223,9.156018185841047,2.4334281586411013,0.6085341285543078,82.16578491096462,-15.883477854375009,-15.935834280529463,25.61937363621996
S1049,0.22739248821248137,9.227915471230475,1.7794545601696754,4.992154062035519,97.50746552572014,-0.6535734537400401,36.38412405945594,-12.583854920584262
S1050,0.18768076771789377,7.0952391970131705,2.9646464567691084,1.6358300021981722,100.52241006207207,15.91574506183055,45.01241447260881,31.91087212230279
S1051,0.18845325647550926,7.034353400090762,2.8451175158151067,2.4190660091470617,101.62770088118961,15.724016118536099,39.0566828482341,24.8132438944296
S1052,0.17172782323797176,7.027034905737011,3.266372916830532,0.8441905916802164,100.27555183449611,20.093605537402464,39.29463630479026,23.18967839342185
S1053,0.13186682465975097,9.104474496266981,0.5456833030913011,4.235003797505767,86.13928503702171,16.196868288234896,-18.573038864016116,28.666633937810122
S1054,0.13237294926974608,9.174419983924357,1.7746111000543163,4.709366448709732,88.99762559730338,3.7314087033933685,0.4373032258648473,-25.176476333281315
S1055,0.10494734261967986,9.014884429640725,3.0708919641924304,1.0657570458410892,80.53316166841306,-1.4438456502006838,16.53978683489206,44.03177759585647
S1056,0.15578114355714456,7.021509276086307,2.1961990895970507,1.4657731249024786,102.87881819983423,18.556383964254604,49.27046860353257,20.284134328763695
S1057,0.106644062757141,9.151500680475918,1.4489056928905297,4.316509107150469,90.53929006643627,41.06485945321226,17.94052569849635,-7.344784168663132
S1058,0.05160949969782069,9.019341253650827,1.9432746557351543,0.8144726005394709,75.79510290650578,-37.89593297252382,-3.8622297349687402,15.945384783102156
S1059,-0.06450406287154731,9.22644070179093,0.3319279964878119,4.9637615352942275,48.81826390881996,-0.8655331019876349,-14.39978262104188,25.19936971218541
S1060,-0.02573652946110816,9.136499147820468,2.269731762962759,2.1551190763822206,58.619237591419775,0.046140272215088415,-11.942828546589487,3.0804116984353582
S1061,0.007750823712902699,9.44802570295657,2.273558596083288,0.3304504954940246,67.30575807517644,-28.4898178647264,22.919965635495554,-10.204401978097962
S1062,0.05628544556822157,9.269324507390397,1.1363759585728994,1.4572250672790432,85.92343536525553,-27.543092164065712,-6.1361451816662065,10.785653017154006
S1063,-0.013819608954801832,9.22688711218189,2.404266877978726,0.6221371741507931,73.83157847088839,22.32527875181311,-23.476602365258533,-21.74173370983049
S1064,0.06569258228068442,7.048612282121827,2.7708920781848936,2.313530111557456,103.66321277826117,29.288976196411532,42.48570783068121,22.607408078464147
S1065,0.020635811319255293,9.27047297150695,4.320540804429099,2.2019402224935023,89.76210582855042,-28.004237972092426,27.537231288899637,11.327932260735935
S1066,-0.26584429149999733,9.375339506862753,2.884540897597981,4.1683509447424445,33.847780455784324,2.3422057354701993,-15.913835826197417,15.02009725029686
S1067,-0.014767668389636945,7.056687350779763,3.727804682634644,1.4291503696808223,102.26759621937211,22.62555316135328,44.673203189867934,23.50074350762763
S1068,-0.02713484266991062,7.085032590318464,2.9989422898616596,2.0864857090961073,100.83674765060346,30.25686800068154,45.077978894462774,32.8603185521116
S1069,-0.028225566462719676,7.082210287843517,2.7037066594462766,1.3474762760276837,103.20285498855695,19.094612903975403,41.95485408032147,30.008064588945818
S1070,-0.029853388420977622,7.065672105505121,2.766976833365705,2.0352659658643755,104.25578619131977,20.157374080643987,39.79958834985944,26.53335156236491
S1071,-0.11599745639971137,9.418602349959531,1.582762568652476,3.1733097441358793,78.35296798986214,-16.110214753483273,3.1532476802600637,10.13693715292451
S1072,-0.07016730599965182,9.148368604988043,4.557536970140001,2.0959730896013995,96.84375346225085,7.164438771082633,16.352991382384584,-5.741704116910352
S1073,-0.09714879568143808,9.418519432519837,3.4665038034706286,0.8742466200389387,89.67845867077207,23.552561615769314,-12.997124600314095,0.8424166176707084
S1074,-0.18939089384701302,9.06799495920177,3.2396732458231514,3.7417759535945327,63.19474809875155,-13.55917457957121,8.571198095573115,-23.006240928351012
S1075,-0.22056523783349458,9.446616905461958,0.33522487094921116,0.6198643175567153,58.33578722122857,-24.146922596564067,34.71174126267953,26.694926490469886
S1076,-0.13888406645956053,9.054414546936636,2.3333650045298127,0.5553292090426809,86.66499089484438,48.32646732466249,-13.725974304235969,40.95546321973212
S1077,-0.09955422508966638,7.089400506841728,1.6829160994392218,1.156358561982244,102.21956380108192,11.522869764870622,49.366496266920066,18.914818149035284
S1078,-0.1965411369842256,9.353735890874075,0.5299586657428823,0.6252008127614039,69.8391116959409,27.842549542279123,15.01202003560032,-1.3263718702796679
S1079,-0.11564077361922909,7.074308977354193,2.773537474179595,2.2896919424398416,104.01850858272961,18.655424020087214,37.67833633128577,27.96507481658731
S1080,-0.12706243385231086,7.055991826033044,3.6691995834742914,1.7362337406901425,99.86923408661215,15.823623986845123,39.985313672113286,18.240441400395916
S1081,-0.12161995021450855,7.026646344527238,2.5207650971415054,1.4706919996782664,103.27165374702054,19.818210275537073,44.35339124821578,26.773544596142106
S1082,-0.16696407205765973,9.094398314593235,1.6380732698149392,2.029851827339819,87.06562644165585,-30.349693897839526,-47.35874766453478,50.48936921071326
S1083,-0.2198127486549607,9.397535997333021,4.383939757190893,2.189642791297973,75.23194859798092,37.80301699010692,-14.728952418203459,-0.05909568077478422
S1084,-0.28858074641310927,9.000282382632406,1.4147522049022276,3.53618405490716,58.85748128833136,-1.116367322546847,-2.9847615313329854,0.24934293743944824
S1085,-0.23346808877931835,9.182190307029437,0.7808642527479759,0.2851507254727448,79.31503045479342,2.7384261520458932,10.09776480691514,-33.00847944063625
S1086,-0.23439975527153945,9.318503457819311,2.820099191088543,2.367720865318864,79.60440861200571,52.840545890026,17.334772321260246,-2.8031493574723987
S1087,-0.25130495434466027,9.420778138740932,3.157426718406602,4.515417361231153,78.0201269371931,25.438713715747348,6.775257477646937,33.09135577909822
S1088,-0.47890584985318785,9.37381202486133,4.064036666102372,4.89019132511576,32.970456905883395,36.83772560068826,-19.85340511893644,59.77588593404171
S1089,-0.292817234759033,9.051410934202131,2.989451976220293,4.9667839885401825,72.67313894063386,-13.975018176225406,29.941726524292932,-34.10597322509833
S1090,-0.33182391140874445,9.369045815876756,2.582443847625332,1.2915016518638434,64.8080916670454,-13.835604071213984,32.72200140644087,-61.6103035895956
S1091,-0.3051036008675314,9.038376756469946,1.6815688464108303,4.05012479643373,72.91930468486169,-19.180395323641658,18.331188068088753,-0.9653476128537388
S1092,-0.31989817075131455,9.389804541645542,2.693286577470756,1.8977920760687117,74.07121751929117,-34.380370624955816,-25.71450465523756,28.575824539932004
S1093,-0.2788866063338171,9.416454980962607,4.581429432864784,4.228233896777867,90.1488703713234,0.6032163035865926,11.34435374288865,-5.231424415450515
S1094,-0.4690002943885697,9.42004713698172,0.5326541540784646,3.7358704701550915,41.969028199034994,-5.416139883368,35.92910410634299,-71.23315067142542
S1095,-0.2636742573157751,9.060489882815718,4.369838559246764,1.8375714751675265,96.67229257488486,0.09951233896941938,4.198724050683249,-31.910571911617104
S1096,-0.3256106579275848,9.060544580550749,1.8698839277820112,2.387423326548239,75.62873681134937,1.2904254026796207,37.0776572446731,-44.68424909037942
S1097,-0.32935572186021544,9.39210355023492,0.3184369321492009,0.3712424229538447,74.69217814153933,47.30403261823041,6.127799870780402,4.945233042521415
S1098,-0.2595571992754232,7.097306283003034,2.9262321005825327,2.3033174365985656,102.13921181201187,18.159239513929492,35.35790939795893,27.600732318956638
S1099,-0.650050642846724,9.47957009129339,4.207303605417227,2.9620079917007613,21.759446282629533,27.081659338699964,-9.549982035682115,16.808027074836914
S1100,-0.2772314705399205,7.068903311011653,3.2570954742536196,2.3965283585349715,100.10192738729917,25.408488872358635,30.136099541157456,16.387443758801687
S1101,-0.42708577400489234,9.461266778593256,1.9537901635363453,4.65934529709479,57.97077548312012,25.891926089742718,34.96604387866867,-2.5673883413743575
S1102,-0.38771716929437294,9.200592773547463,1.33544847904021,2.353377300502305,71.32698019480374,41.386677198511684,-24.025514069763652,-29.679335735209698
S1103,0.4858676478702806,9.459796870518268,2.83612052110806,3.369759257201712,34.450232980100665,24.32189314681823,4.249206903787883,10.72138857799159
S1104,-0.8139802060488643,9.277956534139642,0.3955785640091525,3.916654037696997,13.172262876447304,-21.37485649939691,-36.413290028551195,7.771803881572412
S1105,-0.3072967032394295,7.057864741483982,2.792749948569549,1.2506806365081111,104.26706359118063,27.207665240317013,38.002817836091744,30.394424862556935
S1106,-0.5062810934098391,9.141293754501953,1.5165320887486589,4.23228407608314,47.89201091137743,-0.5965822721153117,-7.503806268182397,18.85891840498456
S1107,-0.3249253177324949,7.035135276169105,3.360471193430822,2.2959321039654323,100.91773138423954,25.47737272014676,46.995733087370645,27.72270483644572
S1108,-0.46730726816206625,9.270624123089778,4.586342095581744,4.850819616443392,67.97835620256605,35.87312361317001,-1.7496186444523678,-19.602415295978115
S1109,-0.6021275673759945,9.242171714261758,0.4576374984886189,3.5209519791080455,40.46149667719376,14.323867213880574,40.558778461980886,15.294526729140706
S1110,-0.5197951641408762,9.318063857215169,3.111233729664702,0.1498881408453545,60.61814759316847,-29.998772610608764,5.593895524219579,-19.794157110432067
S1111,0.6533254375734336,9.351121218065375,0.2683260612509164,2.2822497197933367,88.32257152221024,1.231212506490042,30.091013231559653,7.329923411582989
S1112,-0.394166441833121,7.019027977966066,3.605708755885807,2.4496111393550404,101.5790381395076,13.260387541201238,35.240884304224025,30.81181269447125
S1113,0.9077779587278489,9.310663475768862,4.075529276049496,2.088058062806102,62.847573027026456,-47.890038732491675,-10.729366521266352,21.594998619555945
S1114,-0.40063195080711633,7.04431486673318,2.080445301763935,2.0681706650667944,104.00257898194673,15.716186320705308,37.5231386893772,37.745345249571166
S1115,0.8994101305833828,9.144284668620509,1.973669587560971,0.4994227490763925,85.83448390110956,15.817858388328105,-47.426867932794316,2.2895978509710937
S1116,0.8465656170204279,9.246348488981921,3.33659843862654,2.044965714274757,74.43728547548697,8.014976562034358,7.3509974838683965,-0.5952673496112917
S1117,-0.586453463621618,9.373468113783174,4.012629947807385,4.843605350315682,53.287153146268004,-14.231319945654095,55.93310553662969,-3.4477728743502585
S1118,-0.42856787936518126,7.037856819609811,3.1134577267070576,1.6606869260583281,103.96292240746045,13.220742679440528,36.50508107591494,20.09235770811037
S1119,0.670943640572432,9.302942493502444,3.3070206915365485,4.954707006430489,85.46876535931523,-29.65262714253263,-47.73355687812086,18.895102470640364
S1120,0.9929346691900345,9.361143519323056,1.30025628840036,1.309216588704174,41.68076546925066,19.102691800310993,-5.461927587770075,-43.99312575419035
S1121,1.2087698337667359,9.290474676508195,1.4603810816614637,1.033101897438402,61.021498400927086,19.545168646837112,-13.685066164344237,-2.664580292876745
S1122,-0.4521352907614107,7.084316181558605,2.5249608269558657,2.4606143302815946,102.52159456788112,18.735481075076102,40.680158192669424,24.55723333953263
S1123,-0.5130134733627546,9.222055104425392,3.1009476324533214,2.7270480045363232,80.68434914413916,-30.487059942589013,-5.6129966392691,17.552116569478347
S1124,0.9866959317020692,9.41177128045494,1.3311061873135632,2.426412263584746,37.9986924618719,-11.737039453125199,-13.085038560397855,-12.80708954164227
S1125,-0.552275062477592,9.400574622691039,2.614781259247624,0.16649907417100596,72.2743367839212,9.201591954212484,-16.058045563833858,18.770279725757987
S1126,-0.5561455918603726,9.176088838349983,0.3067899334197033,4.051526870940124,71.91915929175752,53.21846883545278,0.28358824900762436,5.642440247102224
S1127,0.5870026562867909,9.117607891946422,0.4446254122762716,1.44994335167565,58.74324978097081,40.87940357303478,-25.926705822337947,23.660369429721978
S1128,-0.5093645488834105,9.254784609593127,3.2934713388698156,0.650950034335328,89.52826506781406,32.5777374429666,21.926267228497952,54.64851277507933
S1129,-0.5391196282995885,9.481543581403024,1.2676073563703805,2.4063621352899545,80.1722928904389,36.87246043508965,-39.66511260027307,9.297145267509453
S1130,0.523072335089384,9.484829671039458,4.923877246386662,3.3275394443117587,77.33184332779658,-16.610349389912077,-13.217372901497798,14.360741749997718
S1131,0.7140010579621712,9.32947439991094,2.398742073749507,1.626848550665474,44.228493119326785,39.0742027333285,-19.872683356080014,40.03305904513383
S1132,-0.8247409448622907,9.03673735112689,3.44421575368545,0.5923178212138069,26.147436833311637,19.43718188960244,-29.6876591194418,19.748219021043703
S1133,-0.6282146599472939,9.438969313774118,4.91752410673234,0.5385616845993413,58.9378756607524,19.793925501988387,-1.7895925884872481,-5.184799747816326
S1134,-0.5993067651719586,9.224566336501331,4.478700565160936,3.2713335106038874,68.05876551894106,20.103571094666222,30.11515516888878,29.078263639911697
S1135,1.278060377236879,9.182930921470465,3.438313664935291,2.287848552438232,38.01830519256125,0.9259248693292674,32.821274351066,-8.95810210736515
S1136,-0.8085181140544371,9.291021334516138,2.430555326575953,0.7603164490142411,30.47161864669678,-18.161379643041627,27.963702332973302,-15.004124876803083
S1137,1.07611560934542,9.487429295946349,4.038591229483446,4.360963040827851,96.02206639401588,41.33673676080393,21.762103594039264,22.150995438937358
S1138,0.7361271136674228,9.027043780384956,3.5086142613157154,2.5405530988236302,95.50030388082655,-30.586261187129775,14.53058672620848,16.912421727504416
S1139,1.0624208927177365,9.123046503584808,2.62995058829004,1.1141459292208544,78.75546421567641,55.49961492690242,1.254014668291454,16.84715377141599
S1140,-0.6926983314206253,9.21679405166705,1.6088218959598222,3.565948515353182,52.051165987247096,44.75370530694398,-40.642206098003015,28.36687596622725
S1141,-0.5404313186001186,9.29490341697342,2.8936775566493758,2.0205633374592202,97.48378556984491,-31.36703788074445,30.849994506922528,21.26039207024079
S1142,-0.6012605755150598,9.133727713980344,1.8732255780892326,4.431148762483832,77.33397363519985,26.510136967213917,11.009602580386433,21.664200524866438
S1143,-0.6596466314044547,9.209661231538558,2.447550699698456,2.6918880329043695,63.77994828916513,-0.8465244293994432,3.0583737056059626,-11.906046737344724
S1144,-0.5457657729952383,7.02647914581473,3.0068391795081766,1.9811618272360998,103.1220989822381,24.399177454109477,33.18963646485085,29.576381283976488
S1145,1.0286541226421275,9.3049585539945,0.11618745339792569,4.059261159469657,44.153866419987565,-11.63160201845467,11.994857443019164,5.912577319176805
S1146,1.265815631172071,9.439812443662685,3.0623001419502804,1.8371580599772641,78.83437018387758,18.718200173979795,14.896575838356057,14.567387248229275
S1147,0.9912330566518368,9.485731876955683,1.5470982214513207,3.738074337897763,84.36068643399955,-22.300276186318317,-13.679973818200573,11.723785776201101
S1148,0.5867114653517231,9.182150141153507,1.4183026823629241,4.425329589178167,75.29740173048499,-22.589322328819446,-2.596819041262442,19.86624482719271
S1149,1.4251037477006334,9.216189112458592,0.9774119277796567,1.0842867411066859,57.87843538520923,-11.787755261816494,-38.058337012440596,34.59142412007235
S1150,0.6335507732607679,9.021329505922296,2.7976333182436686,4.736942799919271,70.19392836885382,-5.8371788230139705,1.6443246875842477,-11.293873835017735
S1151,-0.5685540768646549,7.0371405021921,3.1620239259603258,1.207906613219258,100.71964499736495,18.507379935413706,43.96529231792051,31.231049873238206
S1152,-0.611400492678879,9.143519234466856,0.9417454851395479,3.2310735072207706,84.9544803827913,-0.33767955232365443,-1.7405202828759136,-10.193642193079274
S1153,-0.5749999128167314,7.060082826071287,3.0629906340880377,0.7862038270523765,101.70305008205081,17.20836246256714,47.39979990134702,29.12698290877094
S1154,-0.5705210379400236,7.019738732469896,3.5421029022038613,1.1649691173828725,103.68894440231345,25.056261440410186,35.76788323579705,29.966986396443353
S1155,-0.5945484297298413,9.198323053060012,1.874159959140459,0.5591026849635194,94.27760038814978,4.478326225982203,2.203469693712869,8.903256042202251
S1156,-0.6378450949324391,9.143820921047498,1.089802810843501,2.7502787872472734,80.6109924282574,-5.646394622043112,4.284936311996241,-13.54202469130037
S1157,-0.5900065632676692,9.079861292476972,3.5314952712794403,4.461740716021869,97.83240028793182,29.653161024599473,9.806072889788119,2.2710462887397624
S1158,-0.5891630677778616,7.073492906155789,3.5942674184231085,1.6918255900233574,100.23056664166654,22.90562673791073,39.768864456456164,25.079843287939536
S1159,1.0494283746453634,9.16819833610478,0.8723110512044208,4.274449721455057,88.53336291715377,-5.7452196586988284,-5.28298856448573,-4.011157090857868
S1160,-0.710480970047167,9.330351829499415,4.274231534691664,3.838358059782462,66.39543467845162,-6.400796161651086,-8.698205704716704,20.420384409637805
S1161,-0.6015071578454887,7.027105797589163,3.4782922575721464,1.8541424559242392,103.81421320786578,14.341727584460982,41.12406788836074,26.527856328943336
S1162,-0.7002521589173414,9.495605831556318,3.148177728779845,4.5659801987306174,70.24585275192061,-3.993329903346579,-12.054400562675132,24.139769729338692
S1163,-0.7285302621834733,9.36436114063926,1.7048703484740613,1.5830302756940073,63.62256619124366,-12.090104962304578,5.247936524821144,11.625382819384523
S1164,-0.7032208462750098,9.411465597944353,2.0193930726090334,1.1610184328942352,70.67554253551434,-1.4857753327855183,36.6593880451262,-43.70398288951258
S1165,-0.6831369152971767,9.00414132401978,2.428363896751663,4.822846599676058,76.79661334493628,44.61371871714426,18.54452192020865,1.5852863788047058
S1166,-0.8086063929267382,9.43970345812829,0.3217816369772475,2.661472147065168,46.34801073353093,29.365781451425093,-18.992618658663794,12.937964695567798
S1167,-0.6837506385979035,9.003222432924943,1.9714088930526574,2.905965558926816,78.43956095365834,10.02052525549009,14.715350595091712,14.121342279335027
S1168,-0.7787490374845745,9.021870044816962,1.7545882684920222,3.940055154239006,54.07951668094734,-18.786317286303916,-32.24274070267599,9.590949651129076
S1169,0.6155833159645447,9.263388024492068,2.0236573443125527,1.8673605985218178,62.152023670482976,3.7946145203196835,-0.5115442790595162,-6.823491316166855
S1170,-0.6941890846864789,9.451913205196673,3.3951502132936815,1.1713381465130224,77.2112077458843,13.291592946920245,-53.47872481280267,-1.972765005052957
S1171,0.62793136628243,9.114499947868865,1.592108657193756,3.948385554204025,87.73522784677148,-5.7590897968603105,-20.254148638539256,29.37056994513558
S1172,-0.8773059331504707,9.274060475673025,1.273965342161969,1.8528189094166447,39.97059526869892,-12.022913828558531,8.720090471191035,-18.580243370985116
S1173,-0.6644506646673589,9.126318753375779,2.9803290261614968,4.221275428701279,98.6513956094804,-9.375158211645541,-17.962835225477985,4.88237851378302
S1174,-0.6843882287442995,9.297627335090754,0.42549389287312445,3.149519350085704,93.03169553436635,2.193282287298216,-35.73815376138466,16.074170137412658
S1175,-0.6614013709558493,7.008828128320438,2.703194425587112,1.5201536159108113,102.62775076127001,21.760908698801206,34.988905371211516,25.26941107055575
S1176,-0.6777023383369182,9.036888643599113,0.5847396345602585,4.402887360875375,99.20604431331175,-2.1150423491317603,5.50988089441489,-45.26830465774205
S1177,-0.6712571207281832,7.069744607801676,3.620904128276582,2.419411955201044,102.35528455791376,18.33121757704205,39.81216725474136,19.18037878339004
S1178,0.6480538003894325,9.393409777569117,4.635649859175764,1.928708306583491,84.84550571278619,9.180674975390643,-28.975311677719674,11.273638821158569
S1179,-0.6882381769060785,7.019127488850132,3.4410931798991164,1.178534347764399,99.71265020843452,26.6255463393179,43.6549052783179,24.81613734017455
S1180,-0.6859245026815265,7.087659849838385,2.974206206027795,1.4717993755467411,101.5199864921339,12.702376806503993,52.11340895784994,30.559538657194324
S1181,-0.7161812995425374,9.306166403652304,4.643393424656731,4.1876365770273125,90.1139268785974,-6.971490385103819,-47.70321900423451,16.362247932209193
S1182,0.7236475530115525,9.456048366216447,4.531272297550997,3.9883504725249264,69.82453866447588,24.425291404810697,-1.5676276291961098,13.976023482904157
S1183,-0.7606190687443756,9.375687045264874,2.7875372750537153,3.0073520601178405,76.01520774352929,-15.215853586837305,-10.852034844297243,-42.585995295606956
S1184,-0.8451164968713092,9.265884633145035,1.3932089668995928,0.13659426205114178,54.17874120669512,49.489277571653396,-33.098085984843514,-6.174259089817172
S1185,-0.7168298656672374,9.309401889564564,2.54718601237657,0.7924344513474757,91.54505277660432,10.187551874212422,-0.2828776397483095,4.204321702882653
S1186,-0.7207149844959362,9.489191759815577,1.4629683167360708,3.185378221689581,90.16095918341641,-9.369185140370591,1.1247698331605187,19.248808551735102
S1187,-0.6953498271670828,7.084226223988734,3.072561753405121,2.450897468112142,100.11663843700396,22.34898523710524,40.79941428918184,29.140345904232646
S1188,-0.7030299107475636,7.084716672611827,3.053388159454763,2.1858619090286466,102.61555418204165,21.61017745302446,45.13929813517981,27.87819928530949
S1189,-0.7607288315751557,9.43503387871206,2.24973367167562,0.28757669816300124,81.42186091878091,-21.09241737002154,-3.3002077218430688,33.77703427706158
S1190,-0.713047517466391,7.044445126907079,2.950485935155961,1.7133484311242366,100.34320637799172,17.807183712202264,43.280244873607565,25.38851036975336
S1191,0.5571242659024722,9.379978882244917,0.7805802647853954,1.8562906448040484,59.2308235475935,-3.1968083616304934,-32.88700041305638,11.781182900261353
S1192,1.4116300428822175,9.417012328288706,3.199269959083657,1.0204995550983342,83.87199547198176,16.79838913469348,-47.210582008228606,4.930148719680145
S1193,0.8873927118105625,9.323549119036942,0.388899546453888,4.908343798839652,78.34862661169565,0.8943433164348308,-25.249683907012514,16.499203225335236
S1194,-0.8714022091289017,9.42018386761547,4.981098034649596,0.26884004782934956,55.71315848116938,23.9559822958413,12.6105909357657,41.804951242322964
S1195,0.5403830166184176,9.18810943938344,0.47232798048413627,4.969212949298467,58.269283201508784,22.98853086868484,27.415891260347465,27.040596067480887
S1196,-0.8803483833619022,9.297115657791036,2.3970938581962664,2.7683352126668903,56.823407212215336,26.747069885068903,34.097033562485066,23.079208001545194
S1197,-0.7881805643211605,9.094241136652604,4.517453393384957,4.069349468128261,83.04172044266605,-7.638858749024497,24.858933132709264,18.411459506695394
S1198,-0.739733594356175,7.028451554718965,3.189644393413509,2.505933004483596,102.01881650656117,20.582626185956293,47.39720012483653,24.613426002687653
S1199,-0.8874766740925233,9.457264452279494,1.9350787086377252,4.6943990882563424,57.23988770521586,21.848232880541055,-5.39901741107928,-2.802488588583355
S1200,-0.8011279339970899,9.093713946402508,1.2806636406558725,3.2638400487874875,81.32440737897943,-44.71112421042164,17.582880125616303,3.644940438864423
S1201,-0.9556287121972156,9.373598926984211,4.3137876369602886,3.717257242393969,45.5083557578403,-34.04389766341948,-12.957426786991006,-8.351977072865123
S1202,-0.755661472974153,7.047573063573667,1.876763513126354,2.2050182229515,102.35716108127424,20.262887392180694,33.424413880649205,26.298080779665653
S1203,-0.8045174888094726,9.089790745483421,1.8253553405127243,4.296960320719183,84.46196995747056,0.891146854235347,-1.9437444364307677,26.910148914663573
S1204,-0.7562369849404313,7.084598549341062,3.6100531633529878,1.9366870727477834,102.8101074800807,16.943960853424894,31.925919079935824,24.8218992642182
S1205,-0.9839128565677145,9.244699775424145,1.0462695529930965,4.919180118658667,41.437774898325614,-43.70086458629693,-5.2992453488705245,15.062736598636935
S1206,-0.7719776672873881,9.07728275154912,3.387409960201947,4.453966634970875,97.40808676669252,-0.6857595000261569,11.396227911387747,22.801044084347375
S1207,-0.8410246167982411,9.105440301162302,2.006089250650983,2.60269795103125,75.1757202554741,7.788124870049863,40.672506058462396,4.37066629295232
S1208,-0.9864535066243583,9.37039811355552,1.4468161556781922,1.7484670056228968,42.32282154630912,-18.297406030798875,-8.38801611168709,13.775895349005486
S1209,0.6273564219014294,9.405086938440228,3.3183812724207717,4.458423315833126,95.56655322440461,-19.01275862255299,-7.658324846381258,29.86296486660728
S1210,-0.7691946879607987,7.053168299206315,2.112868296399531,1.5039197531968487,102.15751000393128,37.90614806401743,46.15437354234298,16.393072338431274
S1211,-0.8618013602352103,9.305304889167157,2.3054153338396133,1.3154225532511465,71.81717983533053,51.5923453022844,2.046898190505774,30.121823504372276
S1212,-0.7763481824346365,7.077741087360259,3.0858112704350726,1.4421877765105506,101.40530507441652,16.702529327252122,55.83153569719244,29.784304677162623
S1213,-0.8651659594108548,9.187490737912364,1.590793315240957,4.595584228619941,72.08518208540022,36.84919219114566,-18.77174880123512,-38.33284027940725
S1214,1.2860190469738932,9.02116612282425,0.7295521740909261,1.4579262212408084,66.91698807577765,18.411960979066812,22.298651938425103,-1.7318425756240128
S1215,-0.775220687807326,7.05328217150346,2.252950127609566,1.8520935595155934,103.94455737956729,19.116014311593197,42.88629277352773,22.305406057078176
S1216,-0.7827038313387839,7.066917720062877,2.6083886657403754,1.640449586519388,103.44701936575188,26.63091967518456,42.169167551776496,15.415697446921426
S1217,-0.7940127862325522,7.044961815059823,2.811941879319341,1.2822814766032558,101.66597508298906,26.042048634406402,44.444720067942114,15.987696928344148
S1218,-0.8978005044481827,9.043438313303865,3.3468223511051742,1.4163356787013426,68.00197059801869,-1.1750245277894142,8.56883451825476,6.035382329447981
S1219,0.6324019142957047,9.125542142778643,2.5706359826344736,0.859917459886409,63.63225610334142,1.9463177663553841,5.457587738450976,2.0232450965992794
S1220,-0.8058899716809707,7.0456179130705126,2.1461882676018025,1.802825577766138,99.56410334375613,16.105843975739663,43.503496448683315,26.674307816092767
S1221,0.9070090084281468,9.084019997552323,2.1428543805823463,3.3354309609272335,54.31101094318331,2.4315632817032458,-39.24220785138963,-24.797911428944158
S1222,-0.9979297956269917,9.34912007173129,1.1160412383724072,1.2589126167835218,46.56761080555218,-30.331620439981776,-16.776005860152633,-13.66542227149413
S1223,-0.8912178482718128,9.234308429947395,0.8274390739467086,1.8271580829384027,72.313760336693,-11.497204643150695,8.93744373605658,24.751337749688087
S1224,1.0017148855993296,9.259651567014163,2.914243216325263,3.451423333414109,83.40368332738694,-17.701967784955947,-33.47406709964778,0.7799382165551707
S1225,-0.9289319212632274,9.354144201132994,3.4818013635408684,4.26130381663226,63.31900012258609,24.242913406150386,-67.36385488836929,0.32596845946579744
S1226,-0.9993623265534712,9.112185691673949,4.153592285876102,4.519292669380549,48.371550733684224,7.2358791452854385,-22.51144489729725,9.581520885161527
S1227,-0.8217835639611296,7.094862809732118,3.310387476825591,1.1746291476412336,100.33192834075639,17.868683603500084,42.31928884984619,26.390550253343786
S1228,-0.8387679333266921,9.408408542157426,2.177507280986041,4.549806960552178,95.16703076441932,3.2966135506065126,4.760401916433228,-56.1138805264032
S1229,-0.8990343109769778,9.459022845353768,4.900536717813553,0.2681967369291227,76.19130458821155,-39.576488718676615,8.384424131429775,13.838004777976169
S1230,0.6531169231519258,9.34218372559785,3.676585165571727,4.062117855118861,85.89942751875066,-19.73659033910989,-22.354028244705958,18.39407559751666
S1231,-0.9872159563289805,9.355160325381728,0.4817842629389657,2.4912044056503135,54.18792484323394,-7.312364297937539,38.461246411740994,46.003763273784465
S1232,-0.8287962187136213,7.094595591965215,1.7787115343865787,1.7831530978741355,103.12692259191141,24.38774521911487,42.31816765649507,27.74152373131215
S1233,-0.9277685844020679,9.137800668286017,1.3941464096789413,1.5171762490321306,69.28616020642882,22.85519164561738,-7.903302406158154,-12.519518131340124
S1234,-0.8284140095797423,7.065615296592915,2.4989458269366267,1.448425345852955,103.6166337181221,19.07914495265613,37.728173433912936,20.94614505228684
S1235,-0.8291416336934547,7.0966420165876505,3.0605296228520986,2.525775282880597,103.33677473472704,13.579248421988437,33.44326498679683,30.94355178904646
S1236,-0.9942474819879771,9.001840256161906,0.7248463960537943,0.6143582583548413,53.389740444989116,-46.04539940048728,25.166635001801723,-9.0548203791816
S1237,-0.8318047199385312,7.0107925177814945,3.210112669884239,1.775617517911638,104.25872039734172,20.444154959219667,42.56951207391362,28.88236533753655
S1238,-0.9847377674168185,9.465690882834288,3.792407555559122,3.766912391273607,57.17442766031102,0.826524031484075,58.20522358381178,-30.806376963452117
S1239,-0.9911860340918363,9.370728028533426,1.931507746348372,0.15822464608430176,56.29065156129867,10.38731145172201,-26.295887680697728,30.575742268043705
S1240,-0.8413140529229727,7.009056902919689,3.317066233985251,1.7457363097314729,103.14256754110706,14.612478274373427,40.97349787694144,27.73371905964144
S1241,-0.8661752157832968,9.412015360228963,2.6676899441010002,0.4708310638018387,95.01374349188583,-16.87814649102708,1.7676291465120904,-0.19540193178080667
S1242,-0.9384910310297913,9.205306050339622,1.4596576802700467,3.7219442777052256,71.52818447051631,19.92444863114868,-38.80788864386967,13.31295190498384
S1243,-0.8985505274005388,9.120454141755285,3.5299261845424934,2.734557642214377,84.40806663185435,1.841682632424104,-3.430665360777632,-2.0651080495991208
S1244,-0.9354057642833745,9.114440273369144,2.1808209417416577,4.395066063343386,72.89950385027102,20.441229649268024,-13.711759884950018,7.421869229303914
S1245,-0.896480610011195,9.125177625231549,4.863384337789726,2.0506577501750236,88.98760106870618,-5.826025518064839,-1.726852249683114,-2.1302511542920595
S1246,-0.9218921359314125,9.164552459698147,1.1640306846121506,2.4430225264140915,81.94735608892074,34.982623701278335,19.222927835735508,9.337567648527127
S1247,-0.9412111060588355,9.373674440981425,1.9424959094293803,4.565719396203551,76.23240034307217,-3.1429956658545817,8.281166099141457,-18.121104370832295
S1248,-0.8926961322240987,9.430565796838714,4.750524628936676,1.9470886918588282,93.28538888098386,21.483874541982793,37.312358497051655,-29.31746132879249
S1249,-0.8669761836231183,7.089654879916168,3.0775709969967604,1.9668077237471842,103.75154228288066,16.941106865601952,44.0053724142857,21.48177701330929
S1250,-0.9533447496367804,9.091595217096328,0.36595883066333545,3.161806424498562,73.62921775322499,-52.74921024481852,-9.749826574313484,-10.814937133077485
S1251,0.9212487253412649,9.119500612206796,4.671337564738977,1.161800229606108,77.29967814074907,-9.729826143689143,7.717696816682433,-28.381072653890186
S1252,-0.8757110488032157,7.040669485208865,2.552227250294024,0.9083875211382803,101.92371420236444,19.67482349248497,44.84967140119147,29.027476408873838
S1253,-0.8722078267511404,7.057993685766803,2.3874318629947338,0.6450248502313631,104.14750052806022,18.704844303187024,40.13324611415436,26.041239232509394
S1254,-0.9365397795967126,9.215437358163035,0.6651463656434686,4.33651564309828,81.68856397697749,16.183715543045295,-48.58157120229667,-4.150423273209766
S1255,-0.9716191202428294,9.303212535756339,3.9282372723425274,3.2444824209886427,71.32897067933972,-29.771190941135806,-16.593561802647184,16.89183489431452
S1256,-0.9244167249150486,9.240431799061021,1.1025040293939858,1.4641840790805372,87.12462684491554,-5.624941247430628,-5.255771986750363,49.54063432679117
S1257,-0.972824064110753,9.492508659370714,3.5276482282001487,4.984475632364482,72.74954383079753,-37.40814437418527,23.08627705316558,-12.002964002946399
S1258,-0.9559254274248391,9.458896475879675,4.479287015451474,1.3802503904020336,78.97106998993584,12.732817442066558,11.888036010273078,29.446493948458734
S1259,-0.9996371216672789,9.21480497782559,4.228237676296311,0.9318003812046383,66.34873640043324,-28.135740917411688,-4.8366512122574585,22.319186124605228
S1260,-0.961750839843465,9.062768014518255,2.1817471942183575,3.225397617896306,80.58248136063483,-21.974544026928168,34.52668552435606,-52.23161832757232
S1261,-0.908558347112629,7.005609766174402,2.1565763657319663,1.9764366524126897,99.91475572834017,19.032196429357878,38.46151879226046,22.726130032200505
S1262,1.427980317809265,7.050721297120273,2.7556438680071285,1.504013808938363,103.46501164531314,20.446923083186277,35.735384870655786,29.179962314194185
S1263,-0.9092999034253008,7.019829792766152,3.115120888723598,1.8345700096879036,100.89579418312908,11.075938050088991,40.43751914494814,25.905909856568844
S1264,-0.9187337967035805,7.014455670017959,3.5850107840157777,1.2474633730753426,99.84681551368963,20.957633460837013,44.08229461963787,18.65461886109877
S1265,1.1715194380256495,9.375934200072919,3.9603350187987774,4.1283972927839665,91.19775308762067,15.074417092125472,14.209518012921151,-9.065511482632337
S1266,-0.9992768152592059,9.259945692747191,0.20574038056782262,2.344118276932722,76.66157550186747,-50.230269974096174,-31.40469919591934,5.7546589056266475
S1267,-0.9285368356099093,7.003940587305734,3.290172716601634,1.8357349402600356,102.82996784836513,26.027114906427318,29.93295732619339,25.145031355165376
S1268,-0.9677880113656259,9.006580885971548,3.771924028346436,1.9377902964388016,88.41459702647427,9.555974938203093,7.71524756708227,21.07333031479501
S1269,0.7958906410538118,9.429487070259686,0.5745054437340913,3.6465485494615657,85.15904277559437,14.977082359985022,7.884665018096082,-22.61074681148638
S1270,-0.9403956487379869,7.058607100850906,2.499793493790925,1.5718974971311412,100.59350885193561,21.83433846365631,33.4315971912115,30.626551057825083
S1271,-0.9971827642669534,9.077399277991995,4.209229648973242,0.7395700845203101,80.06108918988333,73.92392553194244,35.848278589739934,32.55691796424091
S1272,-0.9885680339355429,9.272178064684095,0.71814630352251,0.15894145612689647,83.98697370234342,-11.622932826203911,2.2894314479402986,50.97105569663626
S1273,-0.9365543938436506,7.040265804344532,3.7626276119700206,2.2573066094469763,103.95339661014594,21.433653149632903,33.9080975033782,22.33927068173063
S1274,-0.9875684836483495,9.28175678039055,2.322532976569761,0.3679280011940367,86.18207135003057,33.040645509493025,-38.560154551150895,23.15312305336813
S1275,-0.9514394565979059,7.008081331144739,3.720924905795492,1.8931861033142205,100.97417909582347,17.334432526288143,42.57244551156127,29.271190443516357
S1276,0.8019657721801154,9.080464176855678,1.5994814577047178,1.8165738915475793,88.55116346788455,1.7942106681988832,-21.43054388913202,10.05068782511488
S1277,0.86754256126035,9.282941330003734,0.5785972845133802,1.2089387886439507,86.18307025346742,3.6928159931022964,2.8450947090830283,2.0402629572415045
S1278,-0.9835305646698512,9.058576013452857,3.3865378222692657,0.3401043722890229,93.57095625162957,-11.927798005618977,1.0070592119918982,-37.97012632323462
S1279,-0.9625423366098914,7.035054635505893,2.575331466411381,1.0638610183368007,103.24831542041217,22.30242392759933,39.9452011686514,27.06479057530165
S1280,-0.9737492381695192,9.401372065985376,4.083096961318135,0.7278584278559475,98.88835487493192,-28.273352288160662,30.565871731852816,4.841802453175589
S1281,0.7882735697558407,9.307807690180837,3.2847453924466463,3.3833096447128828,92.52282628287257,5.952221291615403,-9.648909057971116,-1.0930761077199644
S1282,-0.9717414509822216,7.073706075052076,3.6024853749217374,2.441349302058926,101.61609426213968,21.91557301752571,42.602780782515914,25.192053482006905
S1283,-0.9989639862357519,9.379509578792906,3.4732326502050883,0.7157908267652591,91.6117900772902,-16.6495789987007,-9.437016831867648,13.665183874873618
S1284,-0.9838486268368563,9.451869868266037,2.354627765262529,2.303615797186629,98.80026214413179,35.923067027359984,-51.62597810571798,-2.7906330823359777
S1285,-0.9932204944548653,9.106003984675404,2.8714395569265836,2.5499046109527623,95.48194095488945,17.1447988198282,0.3133689534295337,22.123724481263718
S1286,-0.9817967401380556,7.073763706237132,3.184947649883745,1.784088927295587,99.98034303093851,14.780931670700339,44.19449275112782,35.02833318189791
S1287,-0.9994861437550344,9.356615890360656,0.6038927832326002,2.8701977112500696,94.40519085504259,-9.3954113967065,36.153239884010446,18.02746777735532
S1288,-0.9835441792714483,7.037608928883167,2.5596490178281877,2.004652750493788,102.89456408570658,15.731019190377417,47.0303264844246,11.83931829962088
S1289,-0.9918956118038058,7.012285410237849,2.439032042109818,1.3843564877034416,99.68143514946082,21.67498156323064,37.07421233899374,31.80428953493315
S1290,-0.9969514152041886,9.105100729493248,2.072168421847759,3.204133243395634,98.04480649381253,7.911569550989886,14.376888094855634,10.050022755482189
S1291,-0.9984360257516182,9.085144198130477,3.8029131809669217,3.025963316161805,97.5923978200868,0.9361453307274794,9.263864298553926,0.7730720491924012
S1292,-0.9958113531607812,9.302936514281763,2.787253757316861,0.7353884397070465,98.65210097844354,-13.134129155583668,55.439068284443906,2.29290071171731
S1293,-0.9879805059448511,7.077242702089844,3.693723029007381,2.0839889060929493,102.59217615880446,20.37954891514699,33.9435079384031,21.811491898797644
S1294,-0.9954631929503255,7.049854445065977,2.1711400929515827,1.816946363663232,100.174178804254,21.025456071912068,34.78470744190691,26.54439121397412
S1295,-0.9986659172126711,7.00629867349298,2.4211444106463516,1.8746594065577713,99.90806998191535,15.725726804660496,34.62741884604799,24.852020800439202
S1296,-0.9947968199184092,7.072627706027963,2.346824516827624,2.8241418861720624,103.00647771872002,21.85072996841015,38.4721699227801,28.440502707973994
S1297,-0.9985595977557558,7.0268757171358045,3.356494099431174,1.4406787059880957,101.51196672143894,22.518206949303657,44.427203700566416,24.88889713329847
S1298,-0.997137808211762,7.018246202170368,4.1747548330424165,1.3364541658262898,102.2268342603126,17.948115163105502,36.60860526275471,26.76800362037035
S1299,-0.9966168623767704,7.091039443399834,3.2265088809744094,1.1490806177055788,102.85673278735895,16.677968235084947,46.003789495004796,19.25576146655127